ip,query,malware_name,tag,tag1,tag2,tag3,tag4,tag5,port,country,org,isp,first_seen,last_seen,projectlabel,labelcolour,pattern type,pattern,main observable type,hostname,hostname1,hostname2,hostname3
20.119.80.107,ssl.cert.serial:146473198,Cobalt Strike C2_1,"IOA,Lab,Monty",IOA,Lab,Monty,,,443,United States,Microsoft Corporation,Microsoft Corporation,2025-01-31,2025-02-01,CTI-IOA,#0020FF,stix,[ipv4-addr:value = '20.119.80.107'],IPv4-Addr,,,,
124.221.177.165,ssl.cert.serial:146473198,Cobalt Strike C2_1,"IOA,Lab,Monty",IOA,Lab,Monty,,,443,China,"Tencent cloud computing (Beijing) Co., Ltd.",Shenzhen Tencent Computer Systems Company Limited,2025-01-31,2025-02-01,CTI-IOA,#0020FF,stix,[ipv4-addr:value = '124.221.177.165'],IPv4-Addr,,,,
165.227.206.56,product:'Sliver C2',Sliver C2_2,"IOA,Lab,Monty",IOA,Lab,Monty,,,31337,United States,"DigitalOcean, LLC","DigitalOcean, LLC",2025-01-31,2025-02-01,CTI-IOA,#0020FF,stix,[ipv4-addr:value = '165.227.206.56'],IPv4-Addr,,,,
167.71.184.214,product:'Sliver C2',Sliver C2_2,"IOA,Lab,Monty",IOA,Lab,Monty,,,31337,United States,"DigitalOcean, LLC","DigitalOcean, LLC",2025-01-31,2025-02-01,CTI-IOA,#0020FF,stix,[ipv4-addr:value = '167.71.184.214'],IPv4-Addr,,,,
15.235.166.83,product:'Sliver C2',Sliver C2_2,"IOA,Lab,Monty",IOA,Lab,Monty,,,31337,Singapore,OVH Singapore PTE. LTD,OVH SAS,2025-01-31,2025-02-01,CTI-IOA,#0020FF,stix,[ipv4-addr:value = '15.235.166.83'],IPv4-Addr,vps-09419904.vps.ovh.ca,vps-09419904.vps.ovh.ca,,
103.85.25.90,product:'Sliver C2',Sliver C2_2,"IOA,Lab,Monty",IOA,Lab,Monty,,,31337,Japan,Hongkong Wen Jing Network Limited,Starry Network Limited,2025-01-31,2025-02-01,CTI-IOA,#0020FF,stix,[ipv4-addr:value = '103.85.25.90'],IPv4-Addr,,,,
198.211.102.26,product:'Sliver C2',Sliver C2_2,"IOA,Lab,Monty",IOA,Lab,Monty,,,31337,United States,"DigitalOcean, LLC","DigitalOcean, LLC",2025-01-31,2025-02-01,CTI-IOA,#0020FF,stix,[ipv4-addr:value = '198.211.102.26'],IPv4-Addr,,,,
208.73.206.122,product:'Sliver C2',Sliver C2_2,"IOA,Lab,Monty",IOA,Lab,Monty,,,31337,United States,"Interserver, Inc","Interserver, Inc",2025-01-31,2025-02-01,CTI-IOA,#0020FF,stix,[ipv4-addr:value = '208.73.206.122'],IPv4-Addr,webpanel.meddit.net,webpanel.meddit.net,,
66.70.202.84,product:'Sliver C2',Sliver C2_2,"IOA,Lab,Monty",IOA,Lab,Monty,,,31337,Canada,"OVH Hosting, Inc.",OVH SAS,2025-01-31,2025-02-01,CTI-IOA,#0020FF,stix,[ipv4-addr:value = '66.70.202.84'],IPv4-Addr,ip84.ip-66-70-202.net,ip84.ip-66-70-202.net,,
45.32.124.195,product:'Sliver C2',Sliver C2_2,"IOA,Lab,Monty",IOA,Lab,Monty,,,31337,Singapore,"Vultr Holdings, LLC","The Constant Company, LLC",2025-01-31,2025-02-01,CTI-IOA,#0020FF,stix,[ipv4-addr:value = '45.32.124.195'],IPv4-Addr,45.32.124.195.vultrusercontent.com,45.32.124.195.vultrusercontent.com,,
194.87.68.191,product:'Sliver C2',Sliver C2_2,"IOA,Lab,Monty",IOA,Lab,Monty,,,31337,Russian Federation,Baxet Group Inc.,LLC Baxet,2025-01-31,2025-02-01,CTI-IOA,#0020FF,stix,[ipv4-addr:value = '194.87.68.191'],IPv4-Addr,og.email.homequotes.io,og.email.homequotes.io,,
4.145.106.87,product:'Sliver C2',Sliver C2_2,"IOA,Lab,Monty",IOA,Lab,Monty,,,31337,Singapore,Microsoft Corporation,Microsoft Corporation,2025-01-31,2025-02-01,CTI-IOA,#0020FF,stix,[ipv4-addr:value = '4.145.106.87'],IPv4-Addr,,,,
152.53.121.202,product:'Sliver C2',Sliver C2_2,"IOA,Lab,Monty",IOA,Lab,Monty,,,31337,Germany,netcup GmbH,netcup GmbH,2025-01-31,2025-02-01,CTI-IOA,#0020FF,stix,[ipv4-addr:value = '152.53.121.202'],IPv4-Addr,,,,
23.227.199.95,product:'Sliver C2',Sliver C2_2,"IOA,Lab,Monty",IOA,Lab,Monty,,,31337,United States,"HIVELOCITY, Inc.","HIVELOCITY, Inc.",2025-01-31,2025-02-01,CTI-IOA,#0020FF,stix,[ipv4-addr:value = '23.227.199.95'],IPv4-Addr,23-227-199-95.static.hvvc.us,23-227-199-95.static.hvvc.us,,
207.148.78.124,product:'Sliver C2',Sliver C2_2,"IOA,Lab,Monty",IOA,Lab,Monty,,,31337,Singapore,"The Constant Company, LLC","The Constant Company, LLC",2025-01-31,2025-02-01,CTI-IOA,#0020FF,stix,[ipv4-addr:value = '207.148.78.124'],IPv4-Addr,207.148.78.124.vultrusercontent.com,207.148.78.124.vultrusercontent.com,,
182.16.40.118,product:'Sliver C2',Sliver C2_2,"IOA,Lab,Monty",IOA,Lab,Monty,,,31337,Hong Kong,SIMCENTRIC-HK NETBLOCK,Netsec Limited,2025-01-31,2025-02-01,CTI-IOA,#0020FF,stix,[ipv4-addr:value = '182.16.40.118'],IPv4-Addr,,,,
23.227.199.96,product:'Sliver C2',Sliver C2_2,"IOA,Lab,Monty",IOA,Lab,Monty,,,31337,United States,"HIVELOCITY, Inc.","HIVELOCITY, Inc.",2025-01-31,2025-02-01,CTI-IOA,#0020FF,stix,[ipv4-addr:value = '23.227.199.96'],IPv4-Addr,23-227-199-96.static.hvvc.us,23-227-199-96.static.hvvc.us,,
192.227.249.119,product:'Sliver C2',Sliver C2_2,"IOA,Lab,Monty",IOA,Lab,Monty,,,31337,United States,RackNerd LLC,HostPapa,2025-01-31,2025-02-01,CTI-IOA,#0020FF,stix,[ipv4-addr:value = '192.227.249.119'],IPv4-Addr,192-227-249-119-host.colocrossing.com,192-227-249-119-host.colocrossing.com,,
46.32.185.165,product:'Sliver C2',Sliver C2_2,"IOA,Lab,Monty",IOA,Lab,Monty,,,31337,Latvia,SIA VEESP,SIA VEESP,2025-01-31,2025-02-01,CTI-IOA,#0020FF,stix,[ipv4-addr:value = '46.32.185.165'],IPv4-Addr,,,,
172.234.192.218,product:'Sliver C2',Sliver C2_2,"IOA,Lab,Monty",IOA,Lab,Monty,,,31337,United States,Linode,Akamai Connected Cloud,2025-01-31,2025-02-01,CTI-IOA,#0020FF,stix,[ipv4-addr:value = '172.234.192.218'],IPv4-Addr,172-234-192-218.ip.linodeusercontent.com,172-234-192-218.ip.linodeusercontent.com,,
146.190.17.255,product:'Sliver C2',Sliver C2_2,"IOA,Lab,Monty",IOA,Lab,Monty,,,31337,Netherlands,"DigitalOcean, LLC","DigitalOcean, LLC",2025-01-31,2025-02-01,CTI-IOA,#0020FF,stix,[ipv4-addr:value = '146.190.17.255'],IPv4-Addr,,,,
5.252.153.96,product:'Sliver C2',Sliver C2_2,"IOA,Lab,Monty",IOA,Lab,Monty,,,31337,Germany,Partner Hosting LTD,Partner Hosting LTD,2025-01-31,2025-02-01,CTI-IOA,#0020FF,stix,[ipv4-addr:value = '5.252.153.96'],IPv4-Addr,hosted-by.csrdp.host,hosted-by.csrdp.host,,
149.28.24.161,product:'Sliver C2',Sliver C2_2,"IOA,Lab,Monty",IOA,Lab,Monty,,,31337,Japan,"Vultr Holdings, LLC","The Constant Company, LLC",2025-01-31,2025-02-01,CTI-IOA,#0020FF,stix,[ipv4-addr:value = '149.28.24.161'],IPv4-Addr,149.28.24.161.vultrusercontent.com,149.28.24.161.vultrusercontent.com,,
45.178.180.232,product:'Sliver C2',Sliver C2_2,"IOA,Lab,Monty",IOA,Lab,Monty,,,31337,Brazil,AbsamHost Internet Data Center,AbsamHost Internet Data Center,2025-01-31,2025-02-01,CTI-IOA,#0020FF,stix,[ipv4-addr:value = '45.178.180.232'],IPv4-Addr,,,,
143.198.184.220,product:'Sliver C2',Sliver C2_2,"IOA,Lab,Monty",IOA,Lab,Monty,,,31337,United States,"DigitalOcean, LLC","DigitalOcean, LLC",2025-01-31,2025-02-01,CTI-IOA,#0020FF,stix,[ipv4-addr:value = '143.198.184.220'],IPv4-Addr,,,,
158.23.90.30,product:'Sliver C2',Sliver C2_2,"IOA,Lab,Monty",IOA,Lab,Monty,,,31337,Mexico,Microsoft Singapore Pte. Ltd.,Microsoft Corporation,2025-01-31,2025-02-01,CTI-IOA,#0020FF,stix,[ipv4-addr:value = '158.23.90.30'],IPv4-Addr,,,,
27.106.122.172,product:'Sliver C2',Sliver C2_2,"IOA,Lab,Monty",IOA,Lab,Monty,,,31337,Hong Kong,Huawei-Cloud-HK,HUAWEI CLOUDS,2025-01-31,2025-02-01,CTI-IOA,#0020FF,stix,[ipv4-addr:value = '27.106.122.172'],IPv4-Addr,,,,
8.218.34.120,product:'Sliver C2',Sliver C2_2,"IOA,Lab,Monty",IOA,Lab,Monty,,,31337,Hong Kong,Alibaba Cloud (Singapore) Private Limited,"Alibaba (US) Technology Co., Ltd.",2025-01-31,2025-02-01,CTI-IOA,#0020FF,stix,[ipv4-addr:value = '8.218.34.120'],IPv4-Addr,,,,
64.225.61.173,product:'Sliver C2',Sliver C2_2,"IOA,Lab,Monty",IOA,Lab,Monty,,,31337,United States,"DigitalOcean, LLC","DigitalOcean, LLC",2025-01-31,2025-02-01,CTI-IOA,#0020FF,stix,[ipv4-addr:value = '64.225.61.173'],IPv4-Addr,,,,
150.136.135.145,product:'Sliver C2',Sliver C2_2,"IOA,Lab,Monty",IOA,Lab,Monty,,,31337,United States,Oracle Public Cloud,Oracle Corporation,2025-01-31,2025-02-01,CTI-IOA,#0020FF,stix,[ipv4-addr:value = '150.136.135.145'],IPv4-Addr,,,,
45.56.114.103,product:'Sliver C2',Sliver C2_2,"IOA,Lab,Monty",IOA,Lab,Monty,,,31337,United States,Linode,Akamai Connected Cloud,2025-01-31,2025-02-01,CTI-IOA,#0020FF,stix,[ipv4-addr:value = '45.56.114.103'],IPv4-Addr,45-56-114-103.ip.linodeusercontent.com,45-56-114-103.ip.linodeusercontent.com,,
190.14.37.12,product:'Sliver C2',Sliver C2_2,"IOA,Lab,Monty",IOA,Lab,Monty,,,31337,Panama,Offshore Racks S.A,Offshore Racks S.A,2025-01-31,2025-02-01,CTI-IOA,#0020FF,stix,[ipv4-addr:value = '190.14.37.12'],IPv4-Addr,ride03.limesspoi.ws,ride03.limesspoi.ws,,
173.208.246.114,product:'Sliver C2',Sliver C2_2,"IOA,Lab,Monty",IOA,Lab,Monty,,,31337,United States,"WholeSale Internet, Inc.","WholeSale Internet, Inc.",2025-01-31,2025-02-01,CTI-IOA,#0020FF,stix,[ipv4-addr:value = '173.208.246.114'],IPv4-Addr,crewtv.net,crewtv.net,,
37.120.178.79,product:'Sliver C2',Sliver C2_2,"IOA,Lab,Monty",IOA,Lab,Monty,,,31337,Germany,netcup GmbH,netcup GmbH,2025-01-31,2025-02-01,CTI-IOA,#0020FF,stix,[ipv4-addr:value = '37.120.178.79'],IPv4-Addr,s--u--d--o.de,s--u--d--o.de,,
165.227.99.110,product:'Sliver C2',Sliver C2_2,"IOA,Lab,Monty",IOA,Lab,Monty,,,31337,United States,"DigitalOcean, LLC","DigitalOcean, LLC",2025-01-31,2025-02-01,CTI-IOA,#0020FF,stix,[ipv4-addr:value = '165.227.99.110'],IPv4-Addr,,,,
194.87.85.114,product:'Sliver C2',Sliver C2_2,"IOA,Lab,Monty",IOA,Lab,Monty,,,31337,Germany,Aeza International LTD,AEZA INTERNATIONAL LTD,2025-01-31,2025-02-01,CTI-IOA,#0020FF,stix,[ipv4-addr:value = '194.87.85.114'],IPv4-Addr,healthy-afternoon.aeza.network,healthy-afternoon.aeza.network,,
110.42.252.7,product:'Sliver C2',Sliver C2_2,"IOA,Lab,Monty",IOA,Lab,Monty,,,31337,China,"Tencent cloud computing (Beijing) Co., Ltd.",Shenzhen Tencent Computer Systems Company Limited,2025-01-31,2025-02-01,CTI-IOA,#0020FF,stix,[ipv4-addr:value = '110.42.252.7'],IPv4-Addr,,,,
82.197.66.244,product:'Sliver C2',Sliver C2_2,"IOA,Lab,Monty",IOA,Lab,Monty,,,31337,United States,Contabo GmbH,"Nubes, LLC",2025-01-31,2025-02-01,CTI-IOA,#0020FF,stix,[ipv4-addr:value = '82.197.66.244'],IPv4-Addr,vmi2149567.contaboserver.net,vmi2149567.contaboserver.net,,
174.137.57.240,product:'Sliver C2',Sliver C2_2,"IOA,Lab,Monty",IOA,Lab,Monty,,,31337,United States,Cluster Logic Inc,IT7 Networks Inc,2025-01-31,2025-02-01,CTI-IOA,#0020FF,stix,[ipv4-addr:value = '174.137.57.240'],IPv4-Addr,174.137.57.240.16clouds.com,174.137.57.240.16clouds.com,,
188.245.67.69,product:'Sliver C2',Sliver C2_2,"IOA,Lab,Monty",IOA,Lab,Monty,,,31337,Germany,Hetzner Online GmbH,Hetzner Online GmbH,2025-01-31,2025-02-01,CTI-IOA,#0020FF,stix,[ipv4-addr:value = '188.245.67.69'],IPv4-Addr,static.69.67.245.188.clients.your-server.de,static.69.67.245.188.clients.your-server.de,,
119.45.20.55,product:'Sliver C2',Sliver C2_2,"IOA,Lab,Monty",IOA,Lab,Monty,,,31337,China,"Tencent cloud computing (Beijing) Co., Ltd.",Shenzhen Tencent Computer Systems Company Limited,2025-01-31,2025-02-01,CTI-IOA,#0020FF,stix,[ipv4-addr:value = '119.45.20.55'],IPv4-Addr,,,,
31.172.87.52,product:'Sliver C2',Sliver C2_2,"IOA,Lab,Monty",IOA,Lab,Monty,,,31337,Germany,firstcolo GmbH,firstcolo GmbH,2025-01-31,2025-02-01,CTI-IOA,#0020FF,stix,[ipv4-addr:value = '31.172.87.52'],IPv4-Addr,,,,
8.210.236.220,product:'Sliver C2',Sliver C2_2,"IOA,Lab,Monty",IOA,Lab,Monty,,,31337,Hong Kong,Alibaba Cloud (Singapore) Private Limited,"Alibaba (US) Technology Co., Ltd.",2025-01-31,2025-02-01,CTI-IOA,#0020FF,stix,[ipv4-addr:value = '8.210.236.220'],IPv4-Addr,,,,
60.205.227.255,product:'Sliver C2',Sliver C2_2,"IOA,Lab,Monty",IOA,Lab,Monty,,,31337,China,"Aliyun Computing Co., LTD","Hangzhou Alibaba Advertising Co.,Ltd.",2025-01-31,2025-02-01,CTI-IOA,#0020FF,stix,[ipv4-addr:value = '60.205.227.255'],IPv4-Addr,,,,
148.113.182.51,product:'Sliver C2',Sliver C2_2,"IOA,Lab,Monty",IOA,Lab,Monty,,,31337,Canada,"OVH Hosting, Inc.",OVH SAS,2025-01-31,2025-02-01,CTI-IOA,#0020FF,stix,[ipv4-addr:value = '148.113.182.51'],IPv4-Addr,vps-94c90d9e.vps.ovh.ca,vps-94c90d9e.vps.ovh.ca,,
208.123.119.222,product:'Sliver C2',Sliver C2_2,"IOA,Lab,Monty",IOA,Lab,Monty,,,31337,United States,Shock Hosting LLC,Shock Hosting LLC,2025-01-31,2025-02-01,CTI-IOA,#0020FF,stix,[ipv4-addr:value = '208.123.119.222'],IPv4-Addr,,,,
94.159.113.15,product:'Sliver C2',Sliver C2_2,"IOA,Lab,Monty",IOA,Lab,Monty,,,31337,Russian Federation,New Hosting Technologies LLC,Komskov Vadim Aleksandrovich,2025-01-31,2025-02-01,CTI-IOA,#0020FF,stix,[ipv4-addr:value = '94.159.113.15'],IPv4-Addr,,,,
89.23.113.134,product:'Sliver C2',Sliver C2_2,"IOA,Lab,Monty",IOA,Lab,Monty,,,31337,Russian Federation,GLOBAL INTERNET SOLUTIONS LLC,GLOBAL INTERNET SOLUTIONS LLC,2025-01-31,2025-02-01,CTI-IOA,#0020FF,stix,[ipv4-addr:value = '89.23.113.134'],IPv4-Addr,43438.ip-ptr.tech,43438.ip-ptr.tech,,
103.147.22.155,product:'Sliver C2',Sliver C2_2,"IOA,Lab,Monty",IOA,Lab,Monty,,,31337,Taiwan,Taiwan Digital Streaming Co.,Taiwan Digital Streaming Co.,2025-01-31,2025-02-01,CTI-IOA,#0020FF,stix,[ipv4-addr:value = '103.147.22.155'],IPv4-Addr,,,,
87.120.113.92,product:'Sliver C2',Sliver C2_2,"IOA,Lab,Monty",IOA,Lab,Monty,,,31337,Netherlands,Ekabi LLC,EKABI,2025-01-31,2025-02-01,CTI-IOA,#0020FF,stix,[ipv4-addr:value = '87.120.113.92'],IPv4-Addr,,,,
94.140.114.44,product:'Sliver C2',Sliver C2_2,"IOA,Lab,Monty",IOA,Lab,Monty,,,31337,Latvia,Sia Nano IT,Sia Nano IT,2025-01-31,2025-02-01,CTI-IOA,#0020FF,stix,[ipv4-addr:value = '94.140.114.44'],IPv4-Addr,,,,
185.130.45.147,product:'Sliver C2',Sliver C2_2,"IOA,Lab,Monty",IOA,Lab,Monty,,,31337,Sweden,Privex Inc.,Privex Inc.,2025-01-31,2025-02-01,CTI-IOA,#0020FF,stix,[ipv4-addr:value = '185.130.45.147'],IPv4-Addr,185.130.45.147.static.privex.cc,185.130.45.147.static.privex.cc,,
103.117.120.68,product:'Sliver C2',Sliver C2_2,"IOA,Lab,Monty",IOA,Lab,Monty,,,31337,Hong Kong,FREEZING NETWORK LIMITED,"Ansheng Network Technology Co., Limited",2025-01-31,2025-02-01,CTI-IOA,#0020FF,stix,[ipv4-addr:value = '103.117.120.68'],IPv4-Addr,,,,
182.16.40.115,product:'Sliver C2',Sliver C2_2,"IOA,Lab,Monty",IOA,Lab,Monty,,,31337,Hong Kong,SIMCENTRIC-HK NETBLOCK,Netsec Limited,2025-01-31,2025-02-01,CTI-IOA,#0020FF,stix,[ipv4-addr:value = '182.16.40.115'],IPv4-Addr,,,,
8.220.195.197,product:'Sliver C2',Sliver C2_2,"IOA,Lab,Monty",IOA,Lab,Monty,,,31337,"Korea, Republic of",Alibaba Cloud (Singapore) Private Limited,"Alibaba (US) Technology Co., Ltd.",2025-01-31,2025-02-01,CTI-IOA,#0020FF,stix,[ipv4-addr:value = '8.220.195.197'],IPv4-Addr,,,,
185.165.169.38,product:'Sliver C2',Sliver C2_2,"IOA,Lab,Monty",IOA,Lab,Monty,,,31337,Romania,FlokiNET ehf,FlokiNET ehf,2025-01-31,2025-02-01,CTI-IOA,#0020FF,stix,[ipv4-addr:value = '185.165.169.38'],IPv4-Addr,,,,
64.225.60.244,product:'Sliver C2',Sliver C2_2,"IOA,Lab,Monty",IOA,Lab,Monty,,,31337,United States,"DigitalOcean, LLC","DigitalOcean, LLC",2025-01-31,2025-02-01,CTI-IOA,#0020FF,stix,[ipv4-addr:value = '64.225.60.244'],IPv4-Addr,,,,
148.66.57.50,product:'Sliver C2',Sliver C2_2,"IOA,Lab,Monty",IOA,Lab,Monty,,,31337,Hong Kong,DATAPLUGS.COM,Netsec Limited,2025-01-31,2025-02-01,CTI-IOA,#0020FF,stix,[ipv4-addr:value = '148.66.57.50'],IPv4-Addr,,,,
45.114.60.56,product:'Sliver C2',Sliver C2_2,"IOA,Lab,Monty",IOA,Lab,Monty,,,31337,Netherlands,CLODO CLOUD SERVICE CO. L.L.C,CLODO CLOUD SERVICE CO. L.L.C,2025-01-31,2025-02-01,CTI-IOA,#0020FF,stix,[ipv4-addr:value = '45.114.60.56'],IPv4-Addr,fine.87.fvds.ru,fine.87.fvds.ru,,
139.162.184.152,product:'Sliver C2',Sliver C2_2,"IOA,Lab,Monty",IOA,Lab,Monty,,,31337,Germany,139.162.0.0/16,Akamai Connected Cloud,2025-01-31,2025-02-01,CTI-IOA,#0020FF,stix,[ipv4-addr:value = '139.162.184.152'],IPv4-Addr,139-162-184-152.ip.linodeusercontent.com,139-162-184-152.ip.linodeusercontent.com,,
4.185.109.49,product:'Sliver C2',Sliver C2_2,"IOA,Lab,Monty",IOA,Lab,Monty,,,31337,Germany,Microsoft Corporation,Microsoft Corporation,2025-01-31,2025-02-01,CTI-IOA,#0020FF,stix,[ipv4-addr:value = '4.185.109.49'],IPv4-Addr,,,,
43.156.57.179,product:'Sliver C2',Sliver C2_2,"IOA,Lab,Monty",IOA,Lab,Monty,,,31337,Singapore,"Asia Pacific Network Information Center, Pty. Ltd.","Tencent Building, Kejizhongyi Avenue",2025-01-31,2025-02-01,CTI-IOA,#0020FF,stix,[ipv4-addr:value = '43.156.57.179'],IPv4-Addr,,,,
46.101.140.228,product:'Sliver C2',Sliver C2_2,"IOA,Lab,Monty",IOA,Lab,Monty,,,31337,Germany,"DigitalOcean, LLC","DigitalOcean, LLC",2025-01-31,2025-02-01,CTI-IOA,#0020FF,stix,[ipv4-addr:value = '46.101.140.228'],IPv4-Addr,,,,
188.166.147.93,product:'Sliver C2',Sliver C2_2,"IOA,Lab,Monty",IOA,Lab,Monty,,,31337,United Kingdom,"DigitalOcean, LLC","DigitalOcean, LLC",2025-01-31,2025-02-01,CTI-IOA,#0020FF,stix,[ipv4-addr:value = '188.166.147.93'],IPv4-Addr,,,,
52.210.250.241,product:'Panda C2',PANDA C2_2,"IOA,Lab,Monty",IOA,Lab,Monty,,,443,Ireland,Amazon Data Services Ireland Limited,"Amazon.com, Inc.",2025-01-31,2025-02-01,CTI-IOA,#0020FF,stix,[ipv4-addr:value = '52.210.250.241'],IPv4-Addr,"ec2-52-210-250-241.eu-west-1.compute.amazonaws.com,isoomena.fi,www.isoomena.fi",ec2-52-210-250-241.eu-west-1.compute.amazonaws.com,isoomena.fi,www.isoomena.fi
103.151.4.58,product:'Panda C2',PANDA C2_2,"IOA,Lab,Monty",IOA,Lab,Monty,,,443,China,"Wu'an Lejia Housekeeping Service Co., Ltd",Qingye Cloud,2025-01-31,2025-02-01,CTI-IOA,#0020FF,stix,[ipv4-addr:value = '103.151.4.58'],IPv4-Addr,"dnf21.com,www.dnf21.com",dnf21.com,www.dnf21.com,
3.35.255.203,product:'Panda C2',PANDA C2_2,"IOA,Lab,Monty",IOA,Lab,Monty,,,443,"Korea, Republic of",AWS Asia Pacific (Seoul) Region,"Amazon.com, Inc.",2025-01-31,2025-02-01,CTI-IOA,#0020FF,stix,[ipv4-addr:value = '3.35.255.203'],IPv4-Addr,"piggycell.com,ec2-3-35-255-203.ap-northeast-2.compute.amazonaws.com",piggycell.com,ec2-3-35-255-203.ap-northeast-2.compute.amazonaws.com,
121.199.28.80,product:'Panda C2',PANDA C2_2,"IOA,Lab,Monty",IOA,Lab,Monty,,,443,China,"Aliyun Computing Co., LTD","Hangzhou Alibaba Advertising Co.,Ltd.",2025-01-31,2025-02-01,CTI-IOA,#0020FF,stix,[ipv4-addr:value = '121.199.28.80'],IPv4-Addr,"hl.com-pinggu.online,dh.com-pinggu.online",hl.com-pinggu.online,dh.com-pinggu.online,
114.116.47.230,product:'Panda C2',PANDA C2_2,"IOA,Lab,Monty",IOA,Lab,Monty,,,443,China,Huawei Public Cloud Service (Huawei Software Technologies Ltd.Co),China Unicom Beijing Province Network,2025-01-31,2025-02-01,CTI-IOA,#0020FF,stix,[ipv4-addr:value = '114.116.47.230'],IPv4-Addr,"cgzy.net,www.cgzy.net,ecs-114-116-47-230.compute.hwclouds-dns.com",cgzy.net,www.cgzy.net,ecs-114-116-47-230.compute.hwclouds-dns.com
34.253.100.13,product:'Panda C2',PANDA C2_2,"IOA,Lab,Monty",IOA,Lab,Monty,,,443,Ireland,Amazon Data Services Ireland Limited,"Amazon.com, Inc.",2025-01-31,2025-02-01,CTI-IOA,#0020FF,stix,[ipv4-addr:value = '34.253.100.13'],IPv4-Addr,"www.stenungstorg.se,ec2-34-253-100-13.eu-west-1.compute.amazonaws.com,stenungstorg.se",www.stenungstorg.se,ec2-34-253-100-13.eu-west-1.compute.amazonaws.com,stenungstorg.se
13.235.13.171,product:'Panda C2',PANDA C2_2,"IOA,Lab,Monty",IOA,Lab,Monty,,,443,India,Amazon Data Services India,"Amazon.com, Inc.",2025-01-31,2025-02-01,CTI-IOA,#0020FF,stix,[ipv4-addr:value = '13.235.13.171'],IPv4-Addr,"buycorp.ai,ec2-13-235-13-171.ap-south-1.compute.amazonaws.com",buycorp.ai,ec2-13-235-13-171.ap-south-1.compute.amazonaws.com,
47.108.211.152,product:'Panda C2',PANDA C2_2,"IOA,Lab,Monty",IOA,Lab,Monty,,,3000,China,"Aliyun Computing Co., LTD","Hangzhou Alibaba Advertising Co.,Ltd.",2025-01-31,2025-02-01,CTI-IOA,#0020FF,stix,[ipv4-addr:value = '47.108.211.152'],IPv4-Addr,,,,
8.209.71.118,product:'Panda C2',PANDA C2_2,"IOA,Lab,Monty",IOA,Lab,Monty,,,443,Germany,Alibaba Cloud (Singapore) Private Limited,"Alibaba (US) Technology Co., Ltd.",2025-01-31,2025-02-01,CTI-IOA,#0020FF,stix,[ipv4-addr:value = '8.209.71.118'],IPv4-Addr,"4fshopp.top,www.4fshopp.top",4fshopp.top,www.4fshopp.top,
45.144.137.18,product:'Panda C2',PANDA C2_2,"IOA,Lab,Monty",IOA,Lab,Monty,,,443,Hong Kong,XNNET LIMITED,LUCIDACLOUD LIMITED,2025-01-31,2025-02-01,CTI-IOA,#0020FF,stix,[ipv4-addr:value = '45.144.137.18'],IPv4-Addr,crz.me,crz.me,,
154.37.219.1,product:'Panda C2',PANDA C2_2,"IOA,Lab,Monty",IOA,Lab,Monty,,,443,Hong Kong,NetLab,NetLab Global,2025-01-31,2025-02-01,CTI-IOA,#0020FF,stix,[ipv4-addr:value = '154.37.219.1'],IPv4-Addr,mikuovo.com,mikuovo.com,,
103.39.222.178,product:'Panda C2',PANDA C2_2,"IOA,Lab,Monty",IOA,Lab,Monty,,,443,China,Shenzhen Qianhai bird cloud computing Co. Ltd.,China Telecom (Group),2025-01-31,2025-02-01,CTI-IOA,#0020FF,stix,[ipv4-addr:value = '103.39.222.178'],IPv4-Addr,360lv.to-travel.cn,360lv.to-travel.cn,,
43.134.28.163,product:'Panda C2',PANDA C2_2,"IOA,Lab,Monty",IOA,Lab,Monty,,,443,Singapore,"Asia Pacific Network Information Center, Pty. Ltd.","Tencent Building, Kejizhongyi Avenue",2025-01-31,2025-02-01,CTI-IOA,#0020FF,stix,[ipv4-addr:value = '43.134.28.163'],IPv4-Addr,jilaihuyu.com,jilaihuyu.com,,
114.132.157.109,product:'Panda C2',PANDA C2_2,"IOA,Lab,Monty",IOA,Lab,Monty,,,80,China,"Tencent cloud computing (Beijing) Co., Ltd.",Shenzhen Tencent Computer Systems Company Limited,2025-01-31,2025-02-01,CTI-IOA,#0020FF,stix,[ipv4-addr:value = '114.132.157.109'],IPv4-Addr,,,,
158.101.138.221,product:'Panda C2',PANDA C2_2,"IOA,Lab,Monty",IOA,Lab,Monty,,,80,Japan,Oracle Public Cloud,Oracle Corporation,2025-01-31,2025-02-01,CTI-IOA,#0020FF,stix,[ipv4-addr:value = '158.101.138.221'],IPv4-Addr,,,,
198.50.168.177,product:'Panda C2',PANDA C2_2,"IOA,Lab,Monty",IOA,Lab,Monty,,,80,Canada,"OVH Hosting, Inc.",OVH SAS,2025-01-31,2025-02-01,CTI-IOA,#0020FF,stix,[ipv4-addr:value = '198.50.168.177'],IPv4-Addr,ip177.ip-198-50-168.net,ip177.ip-198-50-168.net,,
43.153.6.78,product:'Panda C2',PANDA C2_2,"IOA,Lab,Monty",IOA,Lab,Monty,,,80,United States,"Asia Pacific Network Information Center, Pty. Ltd.","Tencent Building, Kejizhongyi Avenue",2025-01-31,2025-02-01,CTI-IOA,#0020FF,stix,[ipv4-addr:value = '43.153.6.78'],IPv4-Addr,,,,
121.199.165.107,product:'Panda C2',PANDA C2_2,"IOA,Lab,Monty",IOA,Lab,Monty,,,80,China,"Aliyun Computing Co., LTD","Hangzhou Alibaba Advertising Co.,Ltd.",2025-01-31,2025-02-01,CTI-IOA,#0020FF,stix,[ipv4-addr:value = '121.199.165.107'],IPv4-Addr,,,,
39.106.9.18,product:'Panda C2',PANDA C2_2,"IOA,Lab,Monty",IOA,Lab,Monty,,,80,China,"Aliyun Computing Co., LTD","Hangzhou Alibaba Advertising Co.,Ltd.",2025-01-31,2025-02-01,CTI-IOA,#0020FF,stix,[ipv4-addr:value = '39.106.9.18'],IPv4-Addr,,,,
154.39.106.20,product:'Panda C2',PANDA C2_2,"IOA,Lab,Monty",IOA,Lab,Monty,,,443,Hong Kong,Cogent Communications,Nebula Global LLC,2025-01-31,2025-02-01,CTI-IOA,#0020FF,stix,[ipv4-addr:value = '154.39.106.20'],IPv4-Addr,,,,
168.76.231.202,product:'Panda C2',PANDA C2_2,"IOA,Lab,Monty",IOA,Lab,Monty,,,80,Hong Kong,Free State Education Department,ASLINE LIMITED,2025-01-31,2025-02-01,CTI-IOA,#0020FF,stix,[ipv4-addr:value = '168.76.231.202'],IPv4-Addr,,,,
27.124.32.165,product:'Panda C2',PANDA C2_2,"IOA,Lab,Monty",IOA,Lab,Monty,,,80,Hong Kong,CTG Server Ltd.,CTG Server Limited,2025-01-31,2025-02-01,CTI-IOA,#0020FF,stix,[ipv4-addr:value = '27.124.32.165'],IPv4-Addr,,,,
47.106.149.60,product:'Panda C2',PANDA C2_2,"IOA,Lab,Monty",IOA,Lab,Monty,,,80,China,"Aliyun Computing Co., LTD","Hangzhou Alibaba Advertising Co.,Ltd.",2025-01-31,2025-02-01,CTI-IOA,#0020FF,stix,[ipv4-addr:value = '47.106.149.60'],IPv4-Addr,,,,
118.178.227.46,product:'Panda C2',PANDA C2_2,"IOA,Lab,Monty",IOA,Lab,Monty,,,80,China,"Aliyun Computing Co., LTD","Hangzhou Alibaba Advertising Co.,Ltd.",2025-01-31,2025-02-01,CTI-IOA,#0020FF,stix,[ipv4-addr:value = '118.178.227.46'],IPv4-Addr,,,,
45.77.95.174,product:'Panda C2',PANDA C2_2,"IOA,Lab,Monty",IOA,Lab,Monty,,,80,United States,"Vultr Holdings, LLC","The Constant Company, LLC",2025-01-31,2025-02-01,CTI-IOA,#0020FF,stix,[ipv4-addr:value = '45.77.95.174'],IPv4-Addr,45.77.95.174.vultrusercontent.com,45.77.95.174.vultrusercontent.com,,
16.163.143.235,X-Havoc: true,Havoc C2_1,"IOA,Lab,Monty",IOA,Lab,Monty,,,443,Hong Kong,Amazon Data Services Hong Kong,"Amazon.com, Inc.",2025-01-31,2025-02-01,CTI-IOA,#0020FF,stix,[ipv4-addr:value = '16.163.143.235'],IPv4-Addr,ec2-16-163-143-235.ap-east-1.compute.amazonaws.com,ec2-16-163-143-235.ap-east-1.compute.amazonaws.com,,
16.163.143.235,product:Havoc,Havoc C2_2,"IOA,Lab,Monty",IOA,Lab,Monty,,,443,Hong Kong,Amazon Data Services Hong Kong,"Amazon.com, Inc.",2025-01-31,2025-02-01,CTI-IOA,#0020FF,stix,[ipv4-addr:value = '16.163.143.235'],IPv4-Addr,ec2-16-163-143-235.ap-east-1.compute.amazonaws.com,ec2-16-163-143-235.ap-east-1.compute.amazonaws.com,,
15.228.63.187,http.title:'Login | CALDERA',Caldera C2_3,"IOA,Lab,Monty",IOA,Lab,Monty,,,8888,Brazil,Amazon Data Services Brazil,"Amazon.com, Inc.",2025-01-31,2025-02-01,CTI-IOA,#0020FF,stix,[ipv4-addr:value = '15.228.63.187'],IPv4-Addr,ec2-15-228-63-187.sa-east-1.compute.amazonaws.com,ec2-15-228-63-187.sa-east-1.compute.amazonaws.com,,
20.54.82.201,http.title:'Login | CALDERA',Caldera C2_3,"IOA,Lab,Monty",IOA,Lab,Monty,,,8888,Ireland,Microsoft Corporation,Microsoft Corporation,2025-01-31,2025-02-01,CTI-IOA,#0020FF,stix,[ipv4-addr:value = '20.54.82.201'],IPv4-Addr,,,,
35.192.103.173,http.title:'Login | CALDERA',Caldera C2_3,"IOA,Lab,Monty",IOA,Lab,Monty,,,443,United States,Google LLC,Google LLC,2025-01-31,2025-02-01,CTI-IOA,#0020FF,stix,[ipv4-addr:value = '35.192.103.173'],IPv4-Addr,"redteam.aristilabs.com,173.103.192.35.bc.googleusercontent.com",redteam.aristilabs.com,173.103.192.35.bc.googleusercontent.com,
144.168.45.46,http.title:'Login | CALDERA',Caldera C2_3,"IOA,Lab,Monty",IOA,Lab,Monty,,,8888,United States,"HIVELOCITY, Inc.","HIVELOCITY, Inc.",2025-01-31,2025-02-01,CTI-IOA,#0020FF,stix,[ipv4-addr:value = '144.168.45.46'],IPv4-Addr,144-168-45-46.static.hvvc.us,144-168-45-46.static.hvvc.us,,
146.190.187.1,http.title:'Login | CALDERA',Caldera C2_3,"IOA,Lab,Monty",IOA,Lab,Monty,,,8888,United States,"DigitalOcean, LLC","DigitalOcean, LLC",2025-01-31,2025-02-01,CTI-IOA,#0020FF,stix,[ipv4-addr:value = '146.190.187.1'],IPv4-Addr,,,,
20.86.151.213,http.title:'Login | CALDERA',Caldera C2_3,"IOA,Lab,Monty",IOA,Lab,Monty,,,8443,Netherlands,Microsoft Corporation,Microsoft Corporation,2025-01-31,2025-02-01,CTI-IOA,#0020FF,stix,[ipv4-addr:value = '20.86.151.213'],IPv4-Addr,,,,
122.170.7.108,http.title:'Login | CALDERA',Caldera C2_3,"IOA,Lab,Monty",IOA,Lab,Monty,,,8888,India,ABTS-MUMBAI,"Bharti Airtel Ltd., Telemedia Services",2025-01-31,2025-02-01,CTI-IOA,#0020FF,stix,[ipv4-addr:value = '122.170.7.108'],IPv4-Addr,abts-mum-static-108.7.170.122.airtelbroadband.in,abts-mum-static-108.7.170.122.airtelbroadband.in,,
18.220.52.24,http.title:'Login | CALDERA',Caldera C2_3,"IOA,Lab,Monty",IOA,Lab,Monty,,,8443,United States,Amazon Technologies Inc.,"Amazon.com, Inc.",2025-01-30,2025-02-01,CTI-IOA,#0020FF,stix,[ipv4-addr:value = '18.220.52.24'],IPv4-Addr,ec2-18-220-52-24.us-east-2.compute.amazonaws.com,ec2-18-220-52-24.us-east-2.compute.amazonaws.com,,
13.233.130.57,http.title:'Login | CALDERA',Caldera C2_3,"IOA,Lab,Monty",IOA,Lab,Monty,,,8888,India,Amazon Data Services India,"Amazon.com, Inc.",2025-01-27,2025-02-01,CTI-IOA,#0020FF,stix,[ipv4-addr:value = '13.233.130.57'],IPv4-Addr,ec2-13-233-130-57.ap-south-1.compute.amazonaws.com,ec2-13-233-130-57.ap-south-1.compute.amazonaws.com,,
51.143.16.165,http.title:'Login | CALDERA',Caldera C2_3,"IOA,Lab,Monty",IOA,Lab,Monty,,,8888,United States,Microsoft Limited UK,Microsoft Corporation,2025-01-22,2025-02-01,CTI-IOA,#0020FF,stix,[ipv4-addr:value = '51.143.16.165'],IPv4-Addr,,,,
13.232.17.73,http.title:'Login | CALDERA',Caldera C2_3,"IOA,Lab,Monty",IOA,Lab,Monty,,,8888,India,Amazon Data Services India,"Amazon.com, Inc.",2025-01-22,2025-02-01,CTI-IOA,#0020FF,stix,[ipv4-addr:value = '13.232.17.73'],IPv4-Addr,ec2-13-232-17-73.ap-south-1.compute.amazonaws.com,ec2-13-232-17-73.ap-south-1.compute.amazonaws.com,,
54.92.172.37,http.title:'Login | CALDERA',Caldera C2_3,"IOA,Lab,Monty",IOA,Lab,Monty,,,80,United States,Amazon Data Services NoVa,"Amazon.com, Inc.",2025-01-15,2025-02-01,CTI-IOA,#0020FF,stix,[ipv4-addr:value = '54.92.172.37'],IPv4-Addr,ec2-54-92-172-37.compute-1.amazonaws.com,ec2-54-92-172-37.compute-1.amazonaws.com,,
23.88.59.136,http.title:'Login | CALDERA',Caldera C2_3,"IOA,Lab,Monty",IOA,Lab,Monty,,,8887,Germany,Hetzner Online GmbH,Hetzner Online GmbH,2025-01-16,2025-02-01,CTI-IOA,#0020FF,stix,[ipv4-addr:value = '23.88.59.136'],IPv4-Addr,static.136.59.88.23.clients.your-server.de,static.136.59.88.23.clients.your-server.de,,
129.151.255.193,http.title:'Login | CALDERA',Caldera C2_3,"IOA,Lab,Monty",IOA,Lab,Monty,,,8888,France,Oracle Corporation,Oracle Corporation,2025-01-06,2025-02-01,CTI-IOA,#0020FF,stix,[ipv4-addr:value = '129.151.255.193'],IPv4-Addr,,,,
159.203.48.34,http.title:'Gophish - Login',GoPhish_1,"IOA,Lab,Monty",IOA,Lab,Monty,,,1337,Canada,"DigitalOcean, LLC","DigitalOcean, LLC",2025-01-31,2025-02-01,CTI-IOA,#0020FF,stix,[ipv4-addr:value = '159.203.48.34'],IPv4-Addr,,,,
138.197.168.34,http.title:'Gophish - Login',GoPhish_1,"IOA,Lab,Monty",IOA,Lab,Monty,,,1337,Canada,"DigitalOcean, LLC","DigitalOcean, LLC",2025-01-31,2025-02-01,CTI-IOA,#0020FF,stix,[ipv4-addr:value = '138.197.168.34'],IPv4-Addr,,,,
104.248.166.199,http.title:'Gophish - Login',GoPhish_1,"IOA,Lab,Monty",IOA,Lab,Monty,,,1337,United Kingdom,"DigitalOcean, LLC","DigitalOcean, LLC",2025-01-31,2025-02-01,CTI-IOA,#0020FF,stix,[ipv4-addr:value = '104.248.166.199'],IPv4-Addr,mailappserver.com,mailappserver.com,,
104.248.105.64,http.title:'Gophish - Login',GoPhish_1,"IOA,Lab,Monty",IOA,Lab,Monty,,,1337,Canada,"DigitalOcean, LLC","DigitalOcean, LLC",2025-01-31,2025-02-01,CTI-IOA,#0020FF,stix,[ipv4-addr:value = '104.248.105.64'],IPv4-Addr,,,,
209.38.165.178,http.title:'Gophish - Login',GoPhish_1,"IOA,Lab,Monty",IOA,Lab,Monty,,,1337,United Kingdom,"DigitalOcean, LLC","DigitalOcean, LLC",2025-01-31,2025-02-01,CTI-IOA,#0020FF,stix,[ipv4-addr:value = '209.38.165.178'],IPv4-Addr,,,,
157.230.53.237,http.title:'Gophish - Login',GoPhish_1,"IOA,Lab,Monty",IOA,Lab,Monty,,,1337,United States,"DigitalOcean, LLC","DigitalOcean, LLC",2025-01-31,2025-02-01,CTI-IOA,#0020FF,stix,[ipv4-addr:value = '157.230.53.237'],IPv4-Addr,"www.ufc-security.ml,ufc-security.ml",www.ufc-security.ml,ufc-security.ml,
147.182.156.86,http.title:'Gophish - Login',GoPhish_1,"IOA,Lab,Monty",IOA,Lab,Monty,,,1337,Canada,"DigitalOcean, LLC","DigitalOcean, LLC",2025-01-31,2025-02-01,CTI-IOA,#0020FF,stix,[ipv4-addr:value = '147.182.156.86'],IPv4-Addr,,,,
54.151.129.8,http.title:'Gophish - Login',GoPhish_1,"IOA,Lab,Monty",IOA,Lab,Monty,,,443,Singapore,Amazon Data Services Singapore,"Amazon.com, Inc.",2025-01-31,2025-02-01,CTI-IOA,#0020FF,stix,[ipv4-addr:value = '54.151.129.8'],IPv4-Addr,"ec2-54-151-129-8.ap-southeast-1.compute.amazonaws.com,internal.m-daq.global",ec2-54-151-129-8.ap-southeast-1.compute.amazonaws.com,internal.m-daq.global,
212.234.175.2,http.title:'Gophish - Login',GoPhish_1,"IOA,Lab,Monty",IOA,Lab,Monty,,,4444,France,Orange Business Services,Orange S.A.,2025-01-31,2025-02-01,CTI-IOA,#0020FF,stix,[ipv4-addr:value = '212.234.175.2'],IPv4-Addr,hippolr458.rain.fr,hippolr458.rain.fr,,
139.59.44.192,http.title:'Gophish - Login',GoPhish_1,"IOA,Lab,Monty",IOA,Lab,Monty,,,4444,India,"DigitalOcean, LLC","DigitalOcean, LLC",2025-01-31,2025-02-01,CTI-IOA,#0020FF,stix,[ipv4-addr:value = '139.59.44.192'],IPv4-Addr,"reachmoblie.com,www.reachmoblie.com",reachmoblie.com,www.reachmoblie.com,
206.189.134.255,http.title:'Gophish - Login',GoPhish_1,"IOA,Lab,Monty",IOA,Lab,Monty,,,4444,India,"DigitalOcean, LLC","DigitalOcean, LLC",2025-01-31,2025-02-01,CTI-IOA,#0020FF,stix,[ipv4-addr:value = '206.189.134.255'],IPv4-Addr,,,,
139.162.2.115,http.title:'Gophish - Login',GoPhish_1,"IOA,Lab,Monty",IOA,Lab,Monty,,,4444,Singapore,"Linode, LLC",Akamai Connected Cloud,2025-01-31,2025-02-01,CTI-IOA,#0020FF,stix,[ipv4-addr:value = '139.162.2.115'],IPv4-Addr,"139-162-2-115.ip.linodeusercontent.com,www.squest.pro,squest.pro",139-162-2-115.ip.linodeusercontent.com,www.squest.pro,squest.pro
47.106.239.62,http.title:'Gophish - Login',GoPhish_1,"IOA,Lab,Monty",IOA,Lab,Monty,,,8880,China,"Aliyun Computing Co., LTD","Hangzhou Alibaba Advertising Co.,Ltd.",2025-01-31,2025-02-01,CTI-IOA,#0020FF,stix,[ipv4-addr:value = '47.106.239.62'],IPv4-Addr,eydigital.cn,eydigital.cn,,
124.220.14.86,http.title:'Gophish - Login',GoPhish_1,"IOA,Lab,Monty",IOA,Lab,Monty,,,9205,China,"Tencent cloud computing (Beijing) Co., Ltd.",Shenzhen Tencent Computer Systems Company Limited,2025-01-31,2025-02-01,CTI-IOA,#0020FF,stix,[ipv4-addr:value = '124.220.14.86'],IPv4-Addr,,,,
194.36.146.33,http.title:'Gophish - Login',GoPhish_1,"IOA,Lab,Monty",IOA,Lab,Monty,,,443,Germany,netcup GmbH,netcup GmbH,2025-01-31,2025-02-01,CTI-IOA,#0020FF,stix,[ipv4-addr:value = '194.36.146.33'],IPv4-Addr,"gp.stadt-ahlen.de,n8n.stadt-ahlen.de",gp.stadt-ahlen.de,n8n.stadt-ahlen.de,
198.167.141.60,http.title:'Gophish - Login',GoPhish_1,"IOA,Lab,Monty",IOA,Lab,Monty,,,3000,Indonesia,PT. Wowrack Indonesia,Wow Internet Indonesia,2025-01-31,2025-02-01,CTI-IOA,#0020FF,stix,[ipv4-addr:value = '198.167.141.60'],IPv4-Addr,zmail.lviors.com,zmail.lviors.com,,
164.92.206.185,http.title:'Gophish - Login',GoPhish_1,"IOA,Lab,Monty",IOA,Lab,Monty,,,443,Germany,"DigitalOcean, LLC","DigitalOcean, LLC",2025-01-31,2025-02-01,CTI-IOA,#0020FF,stix,[ipv4-addr:value = '164.92.206.185'],IPv4-Addr,services-u31345.vm.elestio.app,services-u31345.vm.elestio.app,,
54.38.65.168,http.title:'Gophish - Login',GoPhish_1,"IOA,Lab,Monty",IOA,Lab,Monty,,,8081,France,OVH SAS,OVH SAS,2025-01-31,2025-02-01,CTI-IOA,#0020FF,stix,[ipv4-addr:value = '54.38.65.168'],IPv4-Addr,vps-36822e34.vps.ovh.net,vps-36822e34.vps.ovh.net,,
51.158.167.123,http.title:'Gophish - Login',GoPhish_1,"IOA,Lab,Monty",IOA,Lab,Monty,,,443,Netherlands,"Scaleway - Amsterdam, Netherlands",SCALEWAY S.A.S.,2025-01-31,2025-02-01,CTI-IOA,#0020FF,stix,[ipv4-addr:value = '51.158.167.123'],IPv4-Addr,"gophish-admin.easyfiirt.com,stark-02.super-contacts.com",gophish-admin.easyfiirt.com,stark-02.super-contacts.com,
34.120.113.25,http.title:'Gophish - Login',GoPhish_1,"IOA,Lab,Monty",IOA,Lab,Monty,,,443,United States,Google LLC,Google LLC,2025-01-31,2025-02-01,CTI-IOA,#0020FF,stix,[ipv4-addr:value = '34.120.113.25'],IPv4-Addr,"gophish.ripley.cl,25.113.120.34.bc.googleusercontent.com",gophish.ripley.cl,25.113.120.34.bc.googleusercontent.com,
16.170.242.137,http.title:'Gophish - Login',GoPhish_1,"IOA,Lab,Monty",IOA,Lab,Monty,,,443,Sweden,Amazon Data Services Sweden,"Amazon.com, Inc.",2025-01-31,2025-02-01,CTI-IOA,#0020FF,stix,[ipv4-addr:value = '16.170.242.137'],IPv4-Addr,"ec2-16-170-242-137.eu-north-1.compute.amazonaws.com,admin.training-ebuildersecurity.com",ec2-16-170-242-137.eu-north-1.compute.amazonaws.com,admin.training-ebuildersecurity.com,
146.190.159.168,http.title:'Gophish - Login',GoPhish_1,"IOA,Lab,Monty",IOA,Lab,Monty,,,443,United States,"DigitalOcean, LLC","DigitalOcean, LLC",2025-01-31,2025-02-01,CTI-IOA,#0020FF,stix,[ipv4-addr:value = '146.190.159.168'],IPv4-Addr,gophish-p49gl-u25423.vm.elestio.app,gophish-p49gl-u25423.vm.elestio.app,,
57.128.222.252,http.title:'Gophish - Login',GoPhish_1,"IOA,Lab,Monty",IOA,Lab,Monty,,,443,Poland,OVH Sp. z o. o.,OVH SAS,2025-01-31,2025-02-01,CTI-IOA,#0020FF,stix,[ipv4-addr:value = '57.128.222.252'],IPv4-Addr,sanokruber.pl,sanokruber.pl,,
157.90.228.223,http.title:'Gophish - Login',GoPhish_1,"IOA,Lab,Monty",IOA,Lab,Monty,,,443,Germany,Hetzner Online GmbH,Hetzner Online GmbH,2025-01-31,2025-02-01,CTI-IOA,#0020FF,stix,[ipv4-addr:value = '157.90.228.223'],IPv4-Addr,"gophish.baeckerei-wolf-digital.de,static.223.228.90.157.clients.your-server.de",gophish.baeckerei-wolf-digital.de,static.223.228.90.157.clients.your-server.de,
31.192.237.46,http.title:'Gophish - Login',GoPhish_1,"IOA,Lab,Monty",IOA,Lab,Monty,,,443,Germany,PDK LLC,Chelyabinsk-Signal LLC,2025-01-31,2025-02-01,CTI-IOA,#0020FF,stix,[ipv4-addr:value = '31.192.237.46'],IPv4-Addr,"robinsmith38.pserver.space,amazingtickets.top",robinsmith38.pserver.space,amazingtickets.top,
35.154.0.27,http.title:'Gophish - Login',GoPhish_1,"IOA,Lab,Monty",IOA,Lab,Monty,,,443,India,Amazon Data Services India,"Amazon.com, Inc.",2025-01-31,2025-02-01,CTI-IOA,#0020FF,stix,[ipv4-addr:value = '35.154.0.27'],IPv4-Addr,ec2-35-154-0-27.ap-south-1.compute.amazonaws.com,ec2-35-154-0-27.ap-south-1.compute.amazonaws.com,,
47.245.40.75,http.title:'Gophish - Login',GoPhish_1,"IOA,Lab,Monty",IOA,Lab,Monty,,,80,Japan,Alibaba Cloud - JP,"Alibaba (US) Technology Co., Ltd.",2025-01-31,2025-02-01,CTI-IOA,#0020FF,stix,[ipv4-addr:value = '47.245.40.75'],IPv4-Addr,,,,
191.232.190.243,http.title:'Gophish - Login',GoPhish_1,"IOA,Lab,Monty",IOA,Lab,Monty,,,4444,Brazil,Microsoft do Brasil Imp. e Com. Software e Video G,Microsoft Corporation,2025-01-31,2025-02-01,CTI-IOA,#0020FF,stix,[ipv4-addr:value = '191.232.190.243'],IPv4-Addr,,,,
89.147.108.253,http.title:'Gophish - Login',GoPhish_1,"IOA,Lab,Monty",IOA,Lab,Monty,,,4444,Iceland,1984 ehf,1984 ehf,2025-01-31,2025-02-01,CTI-IOA,#0020FF,stix,[ipv4-addr:value = '89.147.108.253'],IPv4-Addr,"vps-89-147-108-253.1984.is,facesplanet.com",vps-89-147-108-253.1984.is,facesplanet.com,
34.123.246.69,http.title:'Gophish - Login',GoPhish_1,"IOA,Lab,Monty",IOA,Lab,Monty,,,80,United States,Google LLC,Google LLC,2025-01-31,2025-02-01,CTI-IOA,#0020FF,stix,[ipv4-addr:value = '34.123.246.69'],IPv4-Addr,69.246.123.34.bc.googleusercontent.com,69.246.123.34.bc.googleusercontent.com,,
165.22.27.228,http.title:'Gophish - Login',GoPhish_1,"IOA,Lab,Monty",IOA,Lab,Monty,,,1337,Germany,"DigitalOcean, LLC","DigitalOcean, LLC",2025-01-31,2025-02-01,CTI-IOA,#0020FF,stix,[ipv4-addr:value = '165.22.27.228'],IPv4-Addr,gestionidealista.com,gestionidealista.com,,
43.135.5.121,http.title:'Gophish - Login',GoPhish_1,"IOA,Lab,Monty",IOA,Lab,Monty,,,443,Hong Kong,"Asia Pacific Network Information Center, Pty. Ltd.","Tencent Building, Kejizhongyi Avenue",2025-01-31,2025-02-01,CTI-IOA,#0020FF,stix,[ipv4-addr:value = '43.135.5.121'],IPv4-Addr,gp.bl0cksec.cn,gp.bl0cksec.cn,,
52.73.20.0,http.title:'Gophish - Login',GoPhish_1,"IOA,Lab,Monty",IOA,Lab,Monty,,,80,United States,Amazon Technologies Inc.,"Amazon.com, Inc.",2025-01-31,2025-02-01,CTI-IOA,#0020FF,stix,[ipv4-addr:value = '52.73.20.0'],IPv4-Addr,ec2-52-73-20-0.compute-1.amazonaws.com,ec2-52-73-20-0.compute-1.amazonaws.com,,
107.173.87.205,http.title:'Gophish - Login',GoPhish_1,"IOA,Lab,Monty",IOA,Lab,Monty,,,2083,United States,RackNerd LLC,HostPapa,2025-01-31,2025-02-01,CTI-IOA,#0020FF,stix,[ipv4-addr:value = '107.173.87.205'],IPv4-Addr,mail.tiss0n.cn,mail.tiss0n.cn,,
5.252.74.51,product:'Quasar RAT',Quasar RAT_1,"IOA,Lab,Monty",IOA,Lab,Monty,,,1337,Turkey,Internet Utilities Europe and Asia Limited,Omer Faruk Demirci,2025-01-31,2025-02-01,CTI-IOA,#0020FF,stix,[ipv4-addr:value = '5.252.74.51'],IPv4-Addr,plesk.netlara.com,plesk.netlara.com,,
154.92.17.171,product:'Quasar RAT',Quasar RAT_1,"IOA,Lab,Monty",IOA,Lab,Monty,,,443,Hong Kong,Yisu Cloud Ltd,YISU CLOUD LTD,2025-01-31,2025-02-01,CTI-IOA,#0020FF,stix,[ipv4-addr:value = '154.92.17.171'],IPv4-Addr,,,,
94.156.105.138,product:AsyncRAT,AsyncRAT_1,"IOA,Lab,Monty",IOA,Lab,Monty,,,4444,Netherlands,CHEAPY.HOST,cheapy.host LLC,2025-01-31,2025-02-01,CTI-IOA,#0020FF,stix,[ipv4-addr:value = '94.156.105.138'],IPv4-Addr,,,,
84.247.162.141,product:AsyncRAT,AsyncRAT_1,"IOA,Lab,Monty",IOA,Lab,Monty,,,443,Germany,Contabo GmbH,Contabo GmbH,2025-01-30,2025-02-01,CTI-IOA,#0020FF,stix,[ipv4-addr:value = '84.247.162.141'],IPv4-Addr,vmi2416745.contaboserver.net,vmi2416745.contaboserver.net,,
188.126.90.10,product:AsyncRAT,AsyncRAT_1,"IOA,Lab,Monty",IOA,Lab,Monty,,,9002,Sweden,Frootynet Sweden,GleSYS AB,2025-01-24,2025-02-01,CTI-IOA,#0020FF,stix,[ipv4-addr:value = '188.126.90.10'],IPv4-Addr,c-188-126-90-10.ip4.frootvpn.com,c-188-126-90-10.ip4.frootvpn.com,,
45.58.126.14,product:AsyncRAT,AsyncRAT_1,"IOA,Lab,Monty",IOA,Lab,Monty,,,5555,United States,ReliableSite.Net LLC,ReliableSite.Net LLC,2025-01-17,2025-02-01,CTI-IOA,#0020FF,stix,[ipv4-addr:value = '45.58.126.14'],IPv4-Addr,zoro.whmserver.com.br,zoro.whmserver.com.br,,
157.20.182.8,product:AsyncRAT,AsyncRAT_1,"IOA,Lab,Monty",IOA,Lab,Monty,,,1337,Netherlands,Hosterdaddy Private Limited,Hosterdaddy Private Limited,2025-01-14,2025-02-01,CTI-IOA,#0020FF,stix,[ipv4-addr:value = '157.20.182.8'],IPv4-Addr,ip-157-20-182-8.hosted-by-hosterdaddy.com,ip-157-20-182-8.hosted-by-hosterdaddy.com,,
193.34.212.115,product:AsyncRAT,AsyncRAT_1,"IOA,Lab,Monty",IOA,Lab,Monty,,,444,Poland,MEVSPACE sp. z o.o.,MEVSPACE sp. z o.o.,2025-01-14,2025-02-01,CTI-IOA,#0020FF,stix,[ipv4-addr:value = '193.34.212.115'],IPv4-Addr,,,,
95.214.55.223,product:AsyncRAT,AsyncRAT_1,"IOA,Lab,Monty",IOA,Lab,Monty,,,443,Poland,MEVSPACE sp. z o.o.,MEVSPACE sp. z o.o.,2025-01-14,2025-02-01,CTI-IOA,#0020FF,stix,[ipv4-addr:value = '95.214.55.223'],IPv4-Addr,,,,
128.90.113.97,product:AsyncRAT,AsyncRAT_1,"IOA,Lab,Monty",IOA,Lab,Monty,,,9001,United States,"Unus, Inc.",Paradise Networks LLC,2025-01-14,2025-02-01,CTI-IOA,#0020FF,stix,[ipv4-addr:value = '128.90.113.97'],IPv4-Addr,undefined.hostname.localhost,undefined.hostname.localhost,,
198.23.227.140,product:AsyncRAT,AsyncRAT_1,"IOA,Lab,Monty",IOA,Lab,Monty,,,8181,United States,VPS ACE,HostPapa,2025-01-13,2025-02-01,CTI-IOA,#0020FF,stix,[ipv4-addr:value = '198.23.227.140'],IPv4-Addr,o0ufpn.fallownesses-rejiggers.mr-stevens.com,o0ufpn.fallownesses-rejiggers.mr-stevens.com,,
128.90.106.224,product:AsyncRAT,AsyncRAT_1,"IOA,Lab,Monty",IOA,Lab,Monty,,,9001,United States,"Unus, Inc.",Paradise Networks LLC,2025-01-11,2025-02-01,CTI-IOA,#0020FF,stix,[ipv4-addr:value = '128.90.106.224'],IPv4-Addr,undefined.hostname.localhost,undefined.hostname.localhost,,
194.26.192.165,product:AsyncRAT,AsyncRAT_1,"IOA,Lab,Monty",IOA,Lab,Monty,,,4444,Netherlands,1337 Services GmbH,1337 Services GmbH,2025-01-02,2025-02-01,CTI-IOA,#0020FF,stix,[ipv4-addr:value = '194.26.192.165'],IPv4-Addr,194.26.192.165.powered.by.rdp.sh,194.26.192.165.powered.by.rdp.sh,,
192.129.178.60,product:DcRat,DcRAT_1,"IOA,Lab,Monty",IOA,Lab,Monty,,,9002,United States,Hostwinds LLC.,Hostwinds LLC.,2025-01-31,2025-02-01,CTI-IOA,#0020FF,stix,[ipv4-addr:value = '192.129.178.60'],IPv4-Addr,client-192-129-178-60.hostwindsdns.com,client-192-129-178-60.hostwindsdns.com,,
166.88.61.138,product:DcRat,DcRAT_1,"IOA,Lab,Monty",IOA,Lab,Monty,,,9898,Hong Kong,Evoxt (HK),Evoxt Enterprise,2025-01-11,2025-02-01,CTI-IOA,#0020FF,stix,[ipv4-addr:value = '166.88.61.138'],IPv4-Addr,,,,
176.97.122.51,product:BitRAT,BitRAT_1,"IOA,Lab,Monty",IOA,Lab,Monty,,,8889,Ukraine,Virtual Systems LLC,Virtual Systems LLC,2025-01-20,2025-02-01,CTI-IOA,#0020FF,stix,[ipv4-addr:value = '176.97.122.51'],IPv4-Addr,dedicated.vsys.host,dedicated.vsys.host,,
90.152.137.179,product:'XtremeRAT Trojan',XtremeRAT Trojan_1,"IOA,Lab,Monty",IOA,Lab,Monty,,,10001,Austria,A1 Telekom Austria AG,A1 Telekom Austria AG,2025-01-31,2025-02-01,CTI-IOA,#0020FF,stix,[ipv4-addr:value = '90.152.137.179'],IPv4-Addr,90-152-137-179.static.highway.a1.net,90-152-137-179.static.highway.a1.net,,
70.184.193.3,product:'XtremeRAT Trojan',XtremeRAT Trojan_1,"IOA,Lab,Monty",IOA,Lab,Monty,,,3306,United States,Cox Communications Inc.,Cox Communications Inc.,2025-01-31,2025-02-01,CTI-IOA,#0020FF,stix,[ipv4-addr:value = '70.184.193.3'],IPv4-Addr,wsip-70-184-193-3.dc.dc.cox.net,wsip-70-184-193-3.dc.dc.cox.net,,
196.200.131.2,product:'XtremeRAT Trojan',XtremeRAT Trojan_1,"IOA,Lab,Monty",IOA,Lab,Monty,,,53,Morocco,CNRST,CNRST (Centre National pour la Recherche Scientifique et Technique),2025-01-31,2025-02-01,CTI-IOA,#0020FF,stix,[ipv4-addr:value = '196.200.131.2'],IPv4-Addr,ns2.cnrst.ma,ns2.cnrst.ma,,
80.92.206.190,product:'NanoCore RAT Trojan',NanoCore RAT Trojan_1,"IOA,Lab,Monty",IOA,Lab,Monty,,,443,Netherlands,STARK INDUSTRIES SOLUTIONS LTD,STARK INDUSTRIES SOLUTIONS LTD,2025-01-31,2025-02-01,CTI-IOA,#0020FF,stix,[ipv4-addr:value = '80.92.206.190'],IPv4-Addr,vm3644410.stark-industries.solutions,vm3644410.stark-industries.solutions,,
51.222.230.191,product:'Gh0st RAT Trojan',Gh0st RAT Trojan_1,"IOA,Lab,Monty",IOA,Lab,Monty,,,443,Canada,"OVH Hosting, Inc.",OVH SAS,2025-01-31,2025-02-01,CTI-IOA,#0020FF,stix,[ipv4-addr:value = '51.222.230.191'],IPv4-Addr,ip191.ip-51-222-230.net,ip191.ip-51-222-230.net,,
51.254.21.253,product:'Hak5 Cloud C2',Hak5 Cloud C2_1,"IOA,Lab,Monty",IOA,Lab,Monty,,,8080,France,OVH SAS,OVH SAS,2025-01-31,2025-02-01,CTI-IOA,#0020FF,stix,[ipv4-addr:value = '51.254.21.253'],IPv4-Addr,ip253.ip-51-254-21.eu,ip253.ip-51-254-21.eu,,
18.195.227.45,product:'Hak5 Cloud C2',Hak5 Cloud C2_1,"IOA,Lab,Monty",IOA,Lab,Monty,,,443,Germany,A100 ROW GmbH,"Amazon.com, Inc.",2025-01-31,2025-02-01,CTI-IOA,#0020FF,stix,[ipv4-addr:value = '18.195.227.45'],IPv4-Addr,"fun.marian-schneider.de,ec2-18-195-227-45.eu-central-1.compute.amazonaws.com",fun.marian-schneider.de,ec2-18-195-227-45.eu-central-1.compute.amazonaws.com,
54.186.68.42,product:'Hak5 Cloud C2',Hak5 Cloud C2_1,"IOA,Lab,Monty",IOA,Lab,Monty,,,443,United States,"Amazon.com, Inc.","Amazon.com, Inc.",2025-01-31,2025-02-01,CTI-IOA,#0020FF,stix,[ipv4-addr:value = '54.186.68.42'],IPv4-Addr,"c2.trustnetinc.com,ec2-54-186-68-42.us-west-2.compute.amazonaws.com",c2.trustnetinc.com,ec2-54-186-68-42.us-west-2.compute.amazonaws.com,
74.208.201.158,product:'Hak5 Cloud C2',Hak5 Cloud C2_1,"IOA,Lab,Monty",IOA,Lab,Monty,,,8080,United States,IONOS Inc.,IONOS SE,2025-01-31,2025-02-01,CTI-IOA,#0020FF,stix,[ipv4-addr:value = '74.208.201.158'],IPv4-Addr,ip74-208-201-158.pbiaas.com,ip74-208-201-158.pbiaas.com,,
35.236.30.254,product:'Hak5 Cloud C2',Hak5 Cloud C2_1,"IOA,Lab,Monty",IOA,Lab,Monty,,,443,United States,Google LLC,Google LLC,2025-01-31,2025-02-01,CTI-IOA,#0020FF,stix,[ipv4-addr:value = '35.236.30.254'],IPv4-Addr,"254.30.236.35.bc.googleusercontent.com,c2-demo.hak5.org",254.30.236.35.bc.googleusercontent.com,c2-demo.hak5.org,
178.62.5.113,product:'Hak5 Cloud C2',Hak5 Cloud C2_1,"IOA,Lab,Monty",IOA,Lab,Monty,,,80,United Kingdom,DigitalOcean London,"DigitalOcean, LLC",2025-01-31,2025-02-01,CTI-IOA,#0020FF,stix,[ipv4-addr:value = '178.62.5.113'],IPv4-Addr,,,,
44.222.52.24,product:'Hak5 Cloud C2',Hak5 Cloud C2_1,"IOA,Lab,Monty",IOA,Lab,Monty,,,8080,United States,Amazon Data Services NoVa,"Amazon.com, Inc.",2025-01-31,2025-02-01,CTI-IOA,#0020FF,stix,[ipv4-addr:value = '44.222.52.24'],IPv4-Addr,ec2-44-222-52-24.compute-1.amazonaws.com,ec2-44-222-52-24.compute-1.amazonaws.com,,
54.184.159.2,product:'Hak5 Cloud C2',Hak5 Cloud C2_1,"IOA,Lab,Monty",IOA,Lab,Monty,,,8080,United States,"Amazon.com, Inc.","Amazon.com, Inc.",2025-01-31,2025-02-01,CTI-IOA,#0020FF,stix,[ipv4-addr:value = '54.184.159.2'],IPv4-Addr,ec2-54-184-159-2.us-west-2.compute.amazonaws.com,ec2-54-184-159-2.us-west-2.compute.amazonaws.com,,
35.166.57.84,product:'Hak5 Cloud C2',Hak5 Cloud C2_1,"IOA,Lab,Monty",IOA,Lab,Monty,,,8080,United States,"Amazon.com, Inc.","Amazon.com, Inc.",2025-01-31,2025-02-01,CTI-IOA,#0020FF,stix,[ipv4-addr:value = '35.166.57.84'],IPv4-Addr,ec2-35-166-57-84.us-west-2.compute.amazonaws.com,ec2-35-166-57-84.us-west-2.compute.amazonaws.com,,
107.20.73.185,product:'Hak5 Cloud C2',Hak5 Cloud C2_1,"IOA,Lab,Monty",IOA,Lab,Monty,,,8080,United States,"Amazon.com, Inc.","Amazon.com, Inc.",2025-01-31,2025-02-01,CTI-IOA,#0020FF,stix,[ipv4-addr:value = '107.20.73.185'],IPv4-Addr,ec2-107-20-73-185.compute-1.amazonaws.com,ec2-107-20-73-185.compute-1.amazonaws.com,,
18.135.209.57,product:'Hak5 Cloud C2',Hak5 Cloud C2_1,"IOA,Lab,Monty",IOA,Lab,Monty,,,8080,United Kingdom,Amazon Data Services UK,"Amazon.com, Inc.",2025-01-31,2025-02-01,CTI-IOA,#0020FF,stix,[ipv4-addr:value = '18.135.209.57'],IPv4-Addr,ec2-18-135-209-57.eu-west-2.compute.amazonaws.com,ec2-18-135-209-57.eu-west-2.compute.amazonaws.com,,
3.10.24.207,product:'Hak5 Cloud C2',Hak5 Cloud C2_1,"IOA,Lab,Monty",IOA,Lab,Monty,,,80,United Kingdom,Amazon Data Services UK,"Amazon.com, Inc.",2025-01-31,2025-02-01,CTI-IOA,#0020FF,stix,[ipv4-addr:value = '3.10.24.207'],IPv4-Addr,ec2-3-10-24-207.eu-west-2.compute.amazonaws.com,ec2-3-10-24-207.eu-west-2.compute.amazonaws.com,,
172.236.119.80,product:'Hak5 Cloud C2',Hak5 Cloud C2_1,"IOA,Lab,Monty",IOA,Lab,Monty,,,80,United States,Linode,Akamai Connected Cloud,2025-01-31,2025-02-01,CTI-IOA,#0020FF,stix,[ipv4-addr:value = '172.236.119.80'],IPv4-Addr,172-236-119-80.ip.linodeusercontent.com,172-236-119-80.ip.linodeusercontent.com,,
3.15.211.77,product:'Hak5 Cloud C2',Hak5 Cloud C2_1,"IOA,Lab,Monty",IOA,Lab,Monty,,,8080,United States,Amazon Technologies Inc.,"Amazon.com, Inc.",2025-01-31,2025-02-01,CTI-IOA,#0020FF,stix,[ipv4-addr:value = '3.15.211.77'],IPv4-Addr,ec2-3-15-211-77.us-east-2.compute.amazonaws.com,ec2-3-15-211-77.us-east-2.compute.amazonaws.com,,
54.190.92.4,product:'Hak5 Cloud C2',Hak5 Cloud C2_1,"IOA,Lab,Monty",IOA,Lab,Monty,,,8080,United States,"Amazon.com, Inc.","Amazon.com, Inc.",2025-01-31,2025-02-01,CTI-IOA,#0020FF,stix,[ipv4-addr:value = '54.190.92.4'],IPv4-Addr,ec2-54-190-92-4.us-west-2.compute.amazonaws.com,ec2-54-190-92-4.us-west-2.compute.amazonaws.com,,
18.134.45.34,product:'Hak5 Cloud C2',Hak5 Cloud C2_1,"IOA,Lab,Monty",IOA,Lab,Monty,,,8080,United Kingdom,Amazon Data Services UK,"Amazon.com, Inc.",2025-01-31,2025-02-01,CTI-IOA,#0020FF,stix,[ipv4-addr:value = '18.134.45.34'],IPv4-Addr,ec2-18-134-45-34.eu-west-2.compute.amazonaws.com,ec2-18-134-45-34.eu-west-2.compute.amazonaws.com,,
52.2.192.226,product:'Hak5 Cloud C2',Hak5 Cloud C2_1,"IOA,Lab,Monty",IOA,Lab,Monty,,,8080,United States,Amazon Technologies Inc.,"Amazon.com, Inc.",2025-01-31,2025-02-01,CTI-IOA,#0020FF,stix,[ipv4-addr:value = '52.2.192.226'],IPv4-Addr,ec2-52-2-192-226.compute-1.amazonaws.com,ec2-52-2-192-226.compute-1.amazonaws.com,,
98.82.11.100,product:'Hak5 Cloud C2',Hak5 Cloud C2_1,"IOA,Lab,Monty",IOA,Lab,Monty,,,8080,United States,Amazon Data Services NoVa,"Amazon.com, Inc.",2025-01-31,2025-02-01,CTI-IOA,#0020FF,stix,[ipv4-addr:value = '98.82.11.100'],IPv4-Addr,ec2-98-82-11-100.compute-1.amazonaws.com,ec2-98-82-11-100.compute-1.amazonaws.com,,
15.236.69.55,product:'Hak5 Cloud C2',Hak5 Cloud C2_1,"IOA,Lab,Monty",IOA,Lab,Monty,,,8080,France,Amazon Data Services France,"Amazon.com, Inc.",2025-01-31,2025-02-01,CTI-IOA,#0020FF,stix,[ipv4-addr:value = '15.236.69.55'],IPv4-Addr,ec2-15-236-69-55.eu-west-3.compute.amazonaws.com,ec2-15-236-69-55.eu-west-3.compute.amazonaws.com,,
34.224.206.171,product:'Hak5 Cloud C2',Hak5 Cloud C2_1,"IOA,Lab,Monty",IOA,Lab,Monty,,,8080,United States,Amazon Technologies Inc.,"Amazon.com, Inc.",2025-01-31,2025-02-01,CTI-IOA,#0020FF,stix,[ipv4-addr:value = '34.224.206.171'],IPv4-Addr,ec2-34-224-206-171.compute-1.amazonaws.com,ec2-34-224-206-171.compute-1.amazonaws.com,,
44.209.129.149,product:'Hak5 Cloud C2',Hak5 Cloud C2_1,"IOA,Lab,Monty",IOA,Lab,Monty,,,8080,United States,Amazon Data Services NoVa,"Amazon.com, Inc.",2025-01-31,2025-02-01,CTI-IOA,#0020FF,stix,[ipv4-addr:value = '44.209.129.149'],IPv4-Addr,ec2-44-209-129-149.compute-1.amazonaws.com,ec2-44-209-129-149.compute-1.amazonaws.com,,
